<?xml version="1.0" encoding="UTF-8"?>
<metadata xml:lang="fr"><Esri><CreaDate>20160414</CreaDate><CreaTime>15271300</CreaTime><ArcGISFormat>1.0</ArcGISFormat><SyncOnce>TRUE</SyncOnce><DataProperties><itemProps><itemLocation><linkage Sync="TRUE">file://\\STRASSIE\F$\ASPAQUE\1_travail\24_modelisation\1_donnees\elements_scenario2_bCopier</linkage><protocol Sync="TRUE">Local Area Network</protocol></itemLocation></itemProps><copyHistory><copy source="F:\ASPAQUE\1_travail\24_modelisation\1_donnees\elements_scenario2_b" dest="\\STRASSIE\F$\ASPAQUE\1_travail\24_modelisation\1_donnees\elements_scenario2_bCopier" date="20160414" time="15271300"></copy></copyHistory></DataProperties></Esri></metadata>
