<?xml version="1.0" encoding="UTF-8"?>
<metadata xml:lang="fr"><Esri><CreaDate>20170112</CreaDate><CreaTime>10443200</CreaTime><ArcGISFormat>1.0</ArcGISFormat><SyncOnce>TRUE</SyncOnce><DataProperties><itemProps><itemLocation><linkage Sync="TRUE">file://\\STRASSIE\F$\ASPAQUE\1_travail\24_modelisation\1_donnees\zone_support02Copier</linkage><protocol Sync="TRUE">Local Area Network</protocol></itemLocation></itemProps><copyHistory><copy source="F:\ASPAQUE\1_travail\24_modelisation\1_donnees\zone_support02" dest="\\STRASSIE\F$\ASPAQUE\1_travail\24_modelisation\1_donnees\zone_support02Copier" date="20170112" time="10443200"></copy></copyHistory></DataProperties></Esri></metadata>
